Time stamp sent long;Time stamp sent short [microseconds];Time stamp received long;Time stamp received short [microseconds];Infrared_FrontRight;Infrared_Rear;Infrared_RearRight;UltraSonic_FrontCenter;UltraSonic_FrontRight;UltraSonic_RearRight
2017-02-09 19:57:56.479834;1486670276479834;2017-02-09 19:57:56.482294;1486670276482294;1.05014;-1;2.56699;37.7931;-1;-1
2017-02-09 19:57:56.581568;1486670276581568;2017-02-09 19:57:56.589801;1486670276589801;1.13453;-1;2.3764;37.6604;-1;-1
2017-02-09 19:57:56.680329;1486670276680329;2017-02-09 19:57:56.690901;1486670276690901;1.19889;-1;2.36582;37.5526;-1;-1
2017-02-09 19:57:56.798051;1486670276798051;2017-02-09 19:57:56.799037;1486670276799037;1.26361;-1;2.35275;37.436;-1;-1
2017-02-09 19:57:56.877871;1486670276877871;2017-02-09 19:57:56.878805;1486670276878805;1.32323;-1;2.33783;37.3202;-1;-1
2017-02-09 19:57:56.978369;1486670276978369;2017-02-09 19:57:56.984712;1486670276984712;1.37581;-1;2.32165;37.5339;-1;-1
2017-02-09 19:57:57.78373;1486670277078373;2017-02-09 19:57:57.82930;1486670277082930;1.42497;-1;2.30335;37.9707;-1;-1
2017-02-09 19:57:57.178366;1486670277178366;2017-02-09 19:57:57.180686;1486670277180686;1.47124;-1;2.28255;-1;-1;-1
2017-02-09 19:57:57.283254;1486670277283254;2017-02-09 19:57:57.284419;1486670277284419;1.51212;-1;2.26036;-1;-1;-1
2017-02-09 19:57:57.382889;1486670277382889;2017-02-09 19:57:57.383729;1486670277383729;1.54952;-1;2.23609;-1;-1;-1
2017-02-09 19:57:57.479163;1486670277479163;2017-02-09 19:57:57.481654;1486670277481654;1.58426;-1;2.20921;-1;-1;-1
2017-02-09 19:57:57.579922;1486670277579922;2017-02-09 19:57:57.580624;1486670277580624;1.61606;-1;2.17986;-1;-1;-1
2017-02-09 19:57:57.685111;1486670277685111;2017-02-09 19:57:57.689260;1486670277689260;1.64518;-1;2.14783;-1;-1;-1
2017-02-09 19:57:57.779837;1486670277779837;2017-02-09 19:57:57.781641;1486670277781641;1.67174;-1;2.11297;-1;-1;-1
2017-02-09 19:57:57.878724;1486670277878724;2017-02-09 19:57:57.879854;1486670277879854;1.69577;-1;2.07534;-1;-1;-1
2017-02-09 19:57:57.977988;1486670277977988;2017-02-09 19:57:57.979242;1486670277979242;1.71816;-1;2.03347;-1;-1;-1
2017-02-09 19:57:58.78901;1486670278078901;2017-02-09 19:57:58.79956;1486670278079956;1.73773;-1;1.98945;-1;-1;-1
2017-02-09 19:57:58.176691;1486670278176691;2017-02-09 19:57:58.180795;1486670278180795;1.75568;-1;1.94101;-1;-1;-1
2017-02-09 19:57:58.287690;1486670278287690;2017-02-09 19:57:58.290210;1486670278290210;1.77191;-1;1.88808;-1;-1;-1
2017-02-09 19:57:58.383469;1486670278383469;2017-02-09 19:57:58.384658;1486670278384658;1.78629;-1;1.83091;-1;-1;-1
2017-02-09 19:57:58.477810;1486670278477810;2017-02-09 19:57:58.479856;1486670278479856;1.79904;-1;1.7688;-1;-1;-1
2017-02-09 19:57:58.579053;1486670278579053;2017-02-09 19:57:58.579894;1486670278579894;1.81029;-1;1.70096;-1;-1;-1
2017-02-09 19:57:58.679287;1486670278679287;2017-02-09 19:57:58.681643;1486670278681643;1.82;-1;1.62741;-1;-1;-1
2017-02-09 19:57:58.780962;1486670278780962;2017-02-09 19:57:58.782571;1486670278782571;1.82837;-1;1.54661;-1;-1;-1
2017-02-09 19:57:58.879832;1486670278879832;2017-02-09 19:57:58.880917;1486670278880917;1.83555;-1;1.45632;-1;-1;-1
2017-02-09 19:57:58.979053;1486670278979053;2017-02-09 19:57:58.979749;1486670278979749;1.84113;-1;1.36126;-1;-1;-1
2017-02-09 19:57:59.76117;1486670279076117;2017-02-09 19:57:59.77730;1486670279077730;1.84561;-1;1.25492;-1;-1;-1
2017-02-09 19:57:59.183502;1486670279183502;2017-02-09 19:57:59.184173;1486670279184173;1.84891;-1;1.13736;-1;-1;-1
2017-02-09 19:57:59.285036;1486670279285036;2017-02-09 19:57:59.285771;1486670279285771;1.85103;-1;1.11506;-1;-1;-1
2017-02-09 19:57:59.377905;1486670279377905;2017-02-09 19:57:59.378454;1486670279378454;1.85205;-1;1.14172;-1;-1;-1
2017-02-09 19:57:59.477118;1486670279477118;2017-02-09 19:57:59.479323;1486670279479323;1.85197;-1;1.18471;-1;-1;-1
2017-02-09 19:57:59.583249;1486670279583249;2017-02-09 19:57:59.584905;1486670279584905;1.85083;-1;1.22611;-1;-1;-1
2017-02-09 19:57:59.677616;1486670279677616;2017-02-09 19:57:59.679177;1486670279679177;1.84867;-1;1.2657;-1;-1;-1
2017-02-09 19:57:59.779721;1486670279779721;2017-02-09 19:57:59.781146;1486670279781146;1.84549;-1;1.30405;-1;-1;-1
2017-02-09 19:57:59.877663;1486670279877663;2017-02-09 19:57:59.885880;1486670279885880;1.8413;-1;1.34103;-1;-1;-1
2017-02-09 19:57:59.977799;1486670279977799;2017-02-09 19:57:59.978843;1486670279978843;-1;-1;1.3764;-1;-1;-1
2017-02-09 19:58:00.80212;1486670280080212;2017-02-09 19:58:00.81872;1486670280081872;-1;-1;1.41029;-1;-1;-1
2017-02-09 19:58:00.181294;1486670280181294;2017-02-09 19:58:00.182050;1486670280182050;-1;-1;1.44317;-1;-1;-1
2017-02-09 19:58:00.278582;1486670280278582;2017-02-09 19:58:00.279244;1486670280279244;-1;-1;1.47454;-1;-1;-1
2017-02-09 19:58:00.382468;1486670280382468;2017-02-09 19:58:00.383162;1486670280383162;-1;-1;1.50485;-1;-1;-1
2017-02-09 19:58:00.481057;1486670280481057;2017-02-09 19:58:00.481794;1486670280481794;-1;-1;1.53534;-1;-1;-1
2017-02-09 19:58:00.577686;1486670280577686;2017-02-09 19:58:00.579734;1486670280579734;-1;-1;1.56192;-1;-1;-1
2017-02-09 19:58:00.680453;1486670280680453;2017-02-09 19:58:00.681143;1486670280681143;-1;-1;1.58866;-1;-1;-1
2017-02-09 19:58:00.781445;1486670280781445;2017-02-09 19:58:00.782060;1486670280782060;-1;-1;1.61467;-1;-1;-1
2017-02-09 19:58:00.877853;1486670280877853;2017-02-09 19:58:00.883085;1486670280883085;-1;-1;1.6393;-1;-1;-1
2017-02-09 19:58:00.977146;1486670280977146;2017-02-09 19:58:00.982400;1486670280982400;-1;-1;1.66311;-1;-1;-1
2017-02-09 19:58:01.77739;1486670281077739;2017-02-09 19:58:01.86687;1486670281086687;-1;-1;1.68593;-1;-1;-1
2017-02-09 19:58:01.177806;1486670281177806;2017-02-09 19:58:01.182329;1486670281182329;-1;-1;1.70796;-1;-1;-1
2017-02-09 19:58:01.277583;1486670281277583;2017-02-09 19:58:01.280019;1486670281280019;-1;-1;1.72528;-1;-1;-1
2017-02-09 19:58:01.381113;1486670281381113;2017-02-09 19:58:01.387422;1486670281387422;-1;-1;1.74225;-1;-1;-1
2017-02-09 19:58:01.479323;1486670281479323;2017-02-09 19:58:01.480565;1486670281480565;-1;-1;1.75825;-1;-1;-1
2017-02-09 19:58:01.583226;1486670281583226;2017-02-09 19:58:01.584809;1486670281584809;-1;-1;1.77328;-1;-1;-1
2017-02-09 19:58:01.683739;1486670281683739;2017-02-09 19:58:01.685973;1486670281685973;-1;-1;1.78741;-1;-1;-1
2017-02-09 19:58:01.790594;1486670281790594;2017-02-09 19:58:01.791772;1486670281791772;-1;-1;1.80117;-1;-1;-1
2017-02-09 19:58:01.879580;1486670281879580;2017-02-09 19:58:01.880635;1486670281880635;-1;-1;1.8129;-1;-1;-1
2017-02-09 19:58:01.985047;1486670281985047;2017-02-09 19:58:01.986081;1486670281986081;-1;-1;1.8243;-1;-1;2.51605
2017-02-09 19:58:02.80726;1486670282080726;2017-02-09 19:58:02.82121;1486670282082121;-1;-1;1.83506;-1;-1;2.57351
2017-02-09 19:58:02.178785;1486670282178785;2017-02-09 19:58:02.181850;1486670282181850;-1;-1;1.8444;-1;-1;2.62907
2017-02-09 19:58:02.277573;1486670282277573;2017-02-09 19:58:02.280542;1486670282280542;-1;-1;1.85308;-1;-1;2.68686
2017-02-09 19:58:02.382006;1486670282382006;2017-02-09 19:58:02.383656;1486670282383656;-1;-1;1.86087;-1;-1;2.74565
2017-02-09 19:58:02.477782;1486670282477782;2017-02-09 19:58:02.486249;1486670282486249;-1;-1;1.8677;-1;-1;2.80513
2017-02-09 19:58:02.578040;1486670282578040;2017-02-09 19:58:02.581270;1486670282581270;-1;-1;1.87367;-1;-1;2.86628
2017-02-09 19:58:02.684316;1486670282684316;2017-02-09 19:58:02.685100;1486670282685100;-1;-1;1.87873;-1;-1;2.92892
2017-02-09 19:58:02.784565;1486670282784565;2017-02-09 19:58:02.788326;1486670282788326;-1;-1;1.88284;-1;-1;2.99269
2017-02-09 19:58:02.879842;1486670282879842;2017-02-09 19:58:02.881350;1486670282881350;-1;-1;1.88603;-1;-1;3.05851
2017-02-09 19:58:02.978792;1486670282978792;2017-02-09 19:58:02.980013;1486670282980013;-1;-1;1.88825;-1;-1;3.12577
2017-02-09 19:58:03.82527;1486670283082527;2017-02-09 19:58:03.85067;1486670283085067;-1;-1;1.8895;-1;-1;3.19492
2017-02-09 19:58:03.180472;1486670283180472;2017-02-09 19:58:03.182416;1486670283182416;-1;-1;1.88978;-1;-1;3.26672
2017-02-09 19:58:03.280414;1486670283280414;2017-02-09 19:58:03.281077;1486670283281077;-1;-1;1.88906;-1;-1;3.34185
2017-02-09 19:58:03.380876;1486670283380876;2017-02-09 19:58:03.381372;1486670283381372;-1;-1;1.88732;-1;-1;-1
2017-02-09 19:58:03.480049;1486670283480049;2017-02-09 19:58:03.480627;1486670283480627;-1;-1;1.88453;-1;-1;-1
2017-02-09 19:58:03.578686;1486670283578686;2017-02-09 19:58:03.583243;1486670283583243;-1;-1;1.88065;-1;-1;-1
2017-02-09 19:58:03.678354;1486670283678354;2017-02-09 19:58:03.679168;1486670283679168;-1;-1;1.87568;-1;-1;-1
2017-02-09 19:58:03.778111;1486670283778111;2017-02-09 19:58:03.781209;1486670283781209;-1;-1;1.8883;-1;-1;-1
2017-02-09 19:58:03.879662;1486670283879662;2017-02-09 19:58:03.880789;1486670283880789;-1;-1;1.90716;-1;-1;-1
2017-02-09 19:58:03.977445;1486670283977445;2017-02-09 19:58:03.978410;1486670283978410;-1;-1;1.92821;-1;-1;-1
2017-02-09 19:58:04.80128;1486670284080128;2017-02-09 19:58:04.84083;1486670284084083;-1;-1;1.96069;-1;-1;-1
2017-02-09 19:58:04.181134;1486670284181134;2017-02-09 19:58:04.182907;1486670284182907;-1;-1;2.04805;-1;-1;-1
2017-02-09 19:58:04.289053;1486670284289053;2017-02-09 19:58:04.291916;1486670284291916;-1;-1;2.12771;-1;-1;-1
2017-02-09 19:58:04.382760;1486670284382760;2017-02-09 19:58:04.383357;1486670284383357;-1;-1;2.20348;-1;-1;-1
2017-02-09 19:58:04.486223;1486670284486223;2017-02-09 19:58:04.488245;1486670284488245;-1;-1;2.27788;-1;-1;-1
2017-02-09 19:58:04.582242;1486670284582242;2017-02-09 19:58:04.584821;1486670284584821;-1;-1;2.34559;-1;-1;-1
2017-02-09 19:58:04.685157;1486670284685157;2017-02-09 19:58:04.685838;1486670284685838;-1;-1;2.41155;-1;-1;-1
2017-02-09 19:58:04.780334;1486670284780334;2017-02-09 19:58:04.780974;1486670284780974;-1;-1;2.47456;-1;-1;-1
2017-02-09 19:58:04.879639;1486670284879639;2017-02-09 19:58:04.880342;1486670284880342;-1;-1;2.53481;-1;-1;-1
2017-02-09 19:58:04.977673;1486670284977673;2017-02-09 19:58:04.983882;1486670284983882;-1;-1;2.59248;-1;-1;-1
2017-02-09 19:58:05.80569;1486670285080569;2017-02-09 19:58:05.81257;1486670285081257;-1;-1;2.64751;-1;-1;-1
2017-02-09 19:58:05.178447;1486670285178447;2017-02-09 19:58:05.183576;1486670285183576;-1;-1;2.70162;-1;-1;-1
2017-02-09 19:58:05.288203;1486670285288203;2017-02-09 19:58:05.289186;1486670285289186;-1;-1;2.75179;-1;-1;-1
2017-02-09 19:58:05.383167;1486670285383167;2017-02-09 19:58:05.385478;1486670285385478;-1;-1;2.80188;-1;-1;-1
2017-02-09 19:58:05.481918;1486670285481918;2017-02-09 19:58:05.483027;1486670285483027;-1;-1;2.84835;-1;-1;-1
2017-02-09 19:58:05.582789;1486670285582789;2017-02-09 19:58:05.584002;1486670285584002;-1;-1;2.89384;-1;-1;-1
2017-02-09 19:58:05.680571;1486670285680571;2017-02-09 19:58:05.681325;1486670285681325;-1;-1;-1;-1;-1;-1
2017-02-09 19:58:05.779000;1486670285779000;2017-02-09 19:58:05.780057;1486670285780057;-1;-1;-1;-1;-1;-1
2017-02-09 19:58:05.884670;1486670285884670;2017-02-09 19:58:05.886325;1486670285886325;-1;-1;-1;-1;-1;-1
2017-02-09 19:58:05.979929;1486670285979929;2017-02-09 19:58:05.980601;1486670285980601;-1;-1;-1;-1;-1;-1
2017-02-09 19:58:06.81735;1486670286081735;2017-02-09 19:58:06.82655;1486670286082655;-1;-1;-1;-1;-1;-1
2017-02-09 19:58:06.178076;1486670286178076;2017-02-09 19:58:06.191007;1486670286191007;-1;-1;-1;-1;-1;-1
2017-02-09 19:58:06.278489;1486670286278489;2017-02-09 19:58:06.285806;1486670286285806;-1;-1;-1;-1;-1;-1
2017-02-09 19:58:06.386893;1486670286386893;2017-02-09 19:58:06.389892;1486670286389892;-1;-1;-1;-1;-1;35.292
2017-02-09 19:58:06.478662;1486670286478662;2017-02-09 19:58:06.479349;1486670286479349;-1;-1;-1;-1;-1;33.5056
2017-02-09 19:58:06.578087;1486670286578087;2017-02-09 19:58:06.580484;1486670286580484;-1;-1;-1;-1;-1;31.8877
2017-02-09 19:58:06.680293;1486670286680293;2017-02-09 19:58:06.681298;1486670286681298;-1;-1;-1;-1;-1;30.4339
2017-02-09 19:58:06.780276;1486670286780276;2017-02-09 19:58:06.787615;1486670286787615;-1;-1;-1;-1;-1;29.76
2017-02-09 19:58:06.878623;1486670286878623;2017-02-09 19:58:06.879923;1486670286879923;-1;-1;-1;-1;-1;29.8631
2017-02-09 19:58:06.977147;1486670286977147;2017-02-09 19:58:06.979214;1486670286979214;-1;-1;-1;-1;-1;29.9665
2017-02-09 19:58:07.82768;1486670287082768;2017-02-09 19:58:07.84036;1486670287084036;-1;-1;-1;-1;-1;30.0705
2017-02-09 19:58:07.179461;1486670287179461;2017-02-09 19:58:07.186933;1486670287186933;-1;-1;-1;-1;-1;30.1754
2017-02-09 19:58:07.277353;1486670287277353;2017-02-09 19:58:07.278643;1486670287278643;-1;-1;-1;-1;-1;30.2803
2017-02-09 19:58:07.381469;1486670287381469;2017-02-09 19:58:07.382330;1486670287382330;-1;-1;-1;-1;-1;30.3819
2017-02-09 19:58:07.484079;1486670287484079;2017-02-09 19:58:07.485484;1486670287485484;-1;-1;-1;-1;-1;30.4852
2017-02-09 19:58:07.583639;1486670287583639;2017-02-09 19:58:07.586170;1486670287586170;-1;-1;-1;-1;-1;30.5885
2017-02-09 19:58:07.682549;1486670287682549;2017-02-09 19:58:07.683206;1486670287683206;-1;-1;-1;-1;-1;30.6899
2017-02-09 19:58:07.783842;1486670287783842;2017-02-09 19:58:07.785150;1486670287785150;-1;-1;-1;-1;-1;30.7908
2017-02-09 19:58:07.886846;1486670287886846;2017-02-09 19:58:07.887805;1486670287887805;-1;-1;-1;-1;-1;30.8907
2017-02-09 19:58:07.977397;1486670287977397;2017-02-09 19:58:07.981394;1486670287981394;-1;-1;-1;-1;-1;30.9894
2017-02-09 19:58:08.77319;1486670288077319;2017-02-09 19:58:08.78535;1486670288078535;-1;-1;-1;-1;-1;31.0862
2017-02-09 19:58:08.177962;1486670288177962;2017-02-09 19:58:08.184860;1486670288184860;-1;-1;-1;-1;-1;31.3502
2017-02-09 19:58:08.277897;1486670288277897;2017-02-09 19:58:08.281517;1486670288281517;-1;-1;-1;-1;-1;31.8961
2017-02-09 19:58:08.381639;1486670288381639;2017-02-09 19:58:08.383354;1486670288383354;-1;-1;-1;-1;-1;32.492
2017-02-09 19:58:08.494898;1486670288494898;2017-02-09 19:58:08.496367;1486670288496367;-1;-1;-1;-1;-1;26.3531
2017-02-09 19:58:08.586725;1486670288586725;2017-02-09 19:58:08.588343;1486670288588343;-1;-1;-1;-1;-1;25.9708
2017-02-09 19:58:08.679900;1486670288679900;2017-02-09 19:58:08.681940;1486670288681940;-1;-1;-1;-1;-1;25.6224
2017-02-09 19:58:08.783597;1486670288783597;2017-02-09 19:58:08.789965;1486670288789965;-1;-1;-1;-1;-1;25.307
2017-02-09 19:58:08.877878;1486670288877878;2017-02-09 19:58:08.878655;1486670288878655;-1;-1;-1;-1;-1;25.0247
2017-02-09 19:58:08.978338;1486670288978338;2017-02-09 19:58:08.979688;1486670288979688;-1;-1;-1;-1;-1;24.7698
2017-02-09 19:58:09.80022;1486670289080022;2017-02-09 19:58:09.80843;1486670289080843;-1;-1;-1;-1;-1;24.5452
2017-02-09 19:58:09.178183;1486670289178183;2017-02-09 19:58:09.189422;1486670289189422;-1;-1;-1;-1;-1;24.3439
2017-02-09 19:58:09.280224;1486670289280224;2017-02-09 19:58:09.281615;1486670289281615;-1;-1;-1;-1;-1;24.167
2017-02-09 19:58:09.380838;1486670289380838;2017-02-09 19:58:09.382152;1486670289382152;-1;-1;-1;-1;-1;24.681
2017-02-09 19:58:09.482154;1486670289482154;2017-02-09 19:58:09.483578;1486670289483578;-1;-1;-1;-1;-1;25.2214
2017-02-09 19:58:09.577357;1486670289577357;2017-02-09 19:58:09.595117;1486670289595117;-1;-1;-1;-1;-1;25.7848
2017-02-09 19:58:09.682901;1486670289682901;2017-02-09 19:58:09.684311;1486670289684311;-1;-1;-1;-1;-1;26.3705
2017-02-09 19:58:09.781932;1486670289781932;2017-02-09 19:58:09.783271;1486670289783271;-1;-1;-1;-1;-1;5.08173
2017-02-09 19:58:09.883578;1486670289883578;2017-02-09 19:58:09.888895;1486670289888895;-1;-1;-1;-1;-1;4.94048
2017-02-09 19:58:09.978696;1486670289978696;2017-02-09 19:58:09.980222;1486670289980222;-1;-1;-1;-1;-1;4.81627
2017-02-09 19:58:10.79591;1486670290079591;2017-02-09 19:58:10.86917;1486670290086917;-1;-1;-1;-1;-1;4.7061
2017-02-09 19:58:10.183120;1486670290183120;2017-02-09 19:58:10.183964;1486670290183964;-1;-1;-1;-1;-1;4.60906
2017-02-09 19:58:10.283702;1486670290283702;2017-02-09 19:58:10.284819;1486670290284819;-1;-1;-1;-1;-1;4.52322
2017-02-09 19:58:10.380721;1486670290380721;2017-02-09 19:58:10.387115;1486670290387115;-1;-1;-1;-1;-1;4.44785
2017-02-09 19:58:10.481252;1486670290481252;2017-02-09 19:58:10.482668;1486670290482668;-1;-1;-1;-1;-1;4.38155
2017-02-09 19:58:10.579901;1486670290579901;2017-02-09 19:58:10.581286;1486670290581286;-1;-1;-1;-1;-1;4.32063
2017-02-09 19:58:10.677874;1486670290677874;2017-02-09 19:58:10.679045;1486670290679045;-1;-1;-1;-1;-1;4.27308
2017-02-09 19:58:10.782424;1486670290782424;2017-02-09 19:58:10.783766;1486670290783766;-1;-1;-1;-1;-1;4.22937
2017-02-09 19:58:10.880049;1486670290880049;2017-02-09 19:58:10.880681;1486670290880681;-1;-1;-1;-1;-1;4.19194
2017-02-09 19:58:10.977093;1486670290977093;2017-02-09 19:58:10.978130;1486670290978130;-1;-1;-1;-1;-1;4.16028
2017-02-09 19:58:11.84975;1486670291084975;2017-02-09 19:58:11.86228;1486670291086228;-1;-1;-1;-1;-1;4.13373
2017-02-09 19:58:11.177748;1486670291177748;2017-02-09 19:58:11.180374;1486670291180374;-1;-1;-1;-1;-1;4.15688
2017-02-09 19:58:11.277859;1486670291277859;2017-02-09 19:58:11.284685;1486670291284685;-1;-1;-1;-1;-1;4.21167
2017-02-09 19:58:11.377403;1486670291377403;2017-02-09 19:58:11.379433;1486670291379433;-1;-1;-1;-1;-1;4.26584
2017-02-09 19:58:11.478224;1486670291478224;2017-02-09 19:58:11.479321;1486670291479321;-1;-1;-1;-1;-1;4.32543
2017-02-09 19:58:11.579801;1486670291579801;2017-02-09 19:58:11.581041;1486670291581041;-1;-1;-1;-1;-1;4.38919
2017-02-09 19:58:11.677648;1486670291677648;2017-02-09 19:58:11.686751;1486670291686751;-1;-1;-1;-1;-1;4.45574
2017-02-09 19:58:11.777645;1486670291777645;2017-02-09 19:58:11.780216;1486670291780216;-1;-1;-1;-1;-1;4.52611
2017-02-09 19:58:11.877167;1486670291877167;2017-02-09 19:58:11.878781;1486670291878781;-1;-1;-1;-1;-1;4.60027
2017-02-09 19:58:11.977588;1486670291977588;2017-02-09 19:58:11.980365;1486670291980365;-1;-1;-1;-1;-1;4.67606
2017-02-09 19:58:12.80139;1486670292080139;2017-02-09 19:58:12.82493;1486670292082493;-1;-1;-1;-1;-1;4.98945
2017-02-09 19:58:12.177502;1486670292177502;2017-02-09 19:58:12.179050;1486670292179050;-1;-1;-1;-1;-1;5.37054
2017-02-09 19:58:12.279379;1486670292279379;2017-02-09 19:58:12.280262;1486670292280262;-1;-1;-1;-1;-1;5.78034
2017-02-09 19:58:12.378672;1486670292378672;2017-02-09 19:58:12.379785;1486670292379785;-1;-1;-1;-1;-1;6.21947
2017-02-09 19:58:12.479421;1486670292479421;2017-02-09 19:58:12.480473;1486670292480473;-1;-1;-1;-1;-1;6.69569
2017-02-09 19:58:12.577828;1486670292577828;2017-02-09 19:58:12.578804;1486670292578804;-1;-1;-1;-1;-1;7.21077
2017-02-09 19:58:12.678249;1486670292678249;2017-02-09 19:58:12.679127;1486670292679127;-1;-1;-1;-1;-1;-1
2017-02-09 19:58:12.779343;1486670292779343;2017-02-09 19:58:12.781462;1486670292781462;-1;-1;-1;-1;-1;-1
2017-02-09 19:58:12.878020;1486670292878020;2017-02-09 19:58:12.879670;1486670292879670;-1;-1;-1;-1;-1;-1
2017-02-09 19:58:12.978939;1486670292978939;2017-02-09 19:58:12.981304;1486670292981304;-1;-1;-1;-1;-1;-1
2017-02-09 19:58:13.78617;1486670293078617;2017-02-09 19:58:13.80635;1486670293080635;-1;-1;-1;-1;-1;-1
2017-02-09 19:58:13.178674;1486670293178674;2017-02-09 19:58:13.180186;1486670293180186;-1;-1;-1;-1;-1;-1
2017-02-09 19:58:13.280590;1486670293280590;2017-02-09 19:58:13.281145;1486670293281145;-1;-1;-1;-1;-1;-1
2017-02-09 19:58:13.386117;1486670293386117;2017-02-09 19:58:13.393311;1486670293393311;-1;-1;-1;-1;-1;-1
2017-02-09 19:58:13.482063;1486670293482063;2017-02-09 19:58:13.482997;1486670293482997;-1;-1;-1;-1;-1;-1
2017-02-09 19:58:13.576938;1486670293576938;2017-02-09 19:58:13.578383;1486670293578383;-1;-1;-1;-1;-1;-1
2017-02-09 19:58:13.678188;1486670293678188;2017-02-09 19:58:13.682537;1486670293682537;-1;-1;-1;-1;-1;-1
2017-02-09 19:58:13.779610;1486670293779610;2017-02-09 19:58:13.782044;1486670293782044;-1;-1;-1;-1;-1;-1
2017-02-09 19:58:13.882019;1486670293882019;2017-02-09 19:58:13.885098;1486670293885098;-1;-1;-1;-1;-1;-1
2017-02-09 19:58:13.978531;1486670293978531;2017-02-09 19:58:13.979136;1486670293979136;-1;-1;-1;-1;-1;-1
2017-02-09 19:58:14.78974;1486670294078974;2017-02-09 19:58:14.79624;1486670294079624;-1;-1;-1;-1;-1;-1
2017-02-09 19:58:14.177856;1486670294177856;2017-02-09 19:58:14.178617;1486670294178617;-1;-1;-1;-1;-1;-1
2017-02-09 19:58:14.281280;1486670294281280;2017-02-09 19:58:14.281857;1486670294281857;-1;-1;-1;-1;-1;-1
2017-02-09 19:58:14.378171;1486670294378171;2017-02-09 19:58:14.378761;1486670294378761;-1;-1;-1;-1;-1;-1
2017-02-09 19:58:14.480854;1486670294480854;2017-02-09 19:58:14.483323;1486670294483323;-1;-1;-1;-1;-1;-1
2017-02-09 19:58:14.582659;1486670294582659;2017-02-09 19:58:14.593623;1486670294593623;-1;-1;-1;-1;-1;-1
2017-02-09 19:58:14.678789;1486670294678789;2017-02-09 19:58:14.682504;1486670294682504;-1;-1;-1;-1;-1;-1
2017-02-09 19:58:14.783834;1486670294783834;2017-02-09 19:58:14.785515;1486670294785515;-1;-1;-1;-1;-1;-1
2017-02-09 19:58:14.877287;1486670294877287;2017-02-09 19:58:14.878608;1486670294878608;-1;-1;-1;-1;-1;-1
2017-02-09 19:58:14.984097;1486670294984097;2017-02-09 19:58:14.987301;1486670294987301;-1;-1;-1;-1;-1;-1
2017-02-09 19:58:15.76894;1486670295076894;2017-02-09 19:58:15.86059;1486670295086059;-1;-1;-1;-1;-1;-1
2017-02-09 19:58:15.182881;1486670295182881;2017-02-09 19:58:15.184047;1486670295184047;-1;-1;-1;-1;-1;-1
2017-02-09 19:58:15.279972;1486670295279972;2017-02-09 19:58:15.281079;1486670295281079;-1;-1;-1;-1;-1;-1
2017-02-09 19:58:15.380189;1486670295380189;2017-02-09 19:58:15.381900;1486670295381900;-1;-1;-1;-1;-1;-1
2017-02-09 19:58:15.482038;1486670295482038;2017-02-09 19:58:15.494679;1486670295494679;-1;-1;-1;-1;-1;-1
2017-02-09 19:58:15.576818;1486670295576818;2017-02-09 19:58:15.578761;1486670295578761;-1;-1;-1;-1;-1;-1
2017-02-09 19:58:15.684291;1486670295684291;2017-02-09 19:58:15.685934;1486670295685934;-1;-1;-1;-1;-1;-1
2017-02-09 19:58:15.779174;1486670295779174;2017-02-09 19:58:15.780805;1486670295780805;-1;-1;-1;-1;-1;-1
2017-02-09 19:58:15.880476;1486670295880476;2017-02-09 19:58:15.883058;1486670295883058;-1;-1;-1;-1;-1;-1
2017-02-09 19:58:15.979766;1486670295979766;2017-02-09 19:58:15.980756;1486670295980756;-1;-1;-1;-1;-1;-1
2017-02-09 19:58:16.79533;1486670296079533;2017-02-09 19:58:16.81009;1486670296081009;-1;-1;-1;-1;-1;-1
2017-02-09 19:58:16.177881;1486670296177881;2017-02-09 19:58:16.182338;1486670296182338;-1;-1;-1;-1;-1;-1
2017-02-09 19:58:16.277800;1486670296277800;2017-02-09 19:58:16.280757;1486670296280757;-1;-1;-1;-1;-1;-1
2017-02-09 19:58:16.378401;1486670296378401;2017-02-09 19:58:16.380689;1486670296380689;-1;-1;-1;-1;-1;-1
2017-02-09 19:58:16.482550;1486670296482550;2017-02-09 19:58:16.483489;1486670296483489;-1;-1;-1;-1;-1;-1
2017-02-09 19:58:16.576955;1486670296576955;2017-02-09 19:58:16.582971;1486670296582971;-1;-1;-1;-1;-1;-1
2017-02-09 19:58:16.677989;1486670296677989;2017-02-09 19:58:16.682001;1486670296682001;-1;-1;-1;-1;-1;-1
2017-02-09 19:58:16.777644;1486670296777644;2017-02-09 19:58:16.783206;1486670296783206;-1;-1;-1;-1;-1;-1
2017-02-09 19:58:16.878056;1486670296878056;2017-02-09 19:58:16.882756;1486670296882756;-1;-1;-1;-1;-1;-1
2017-02-09 19:58:16.981072;1486670296981072;2017-02-09 19:58:16.985097;1486670296985097;-1;-1;-1;-1;-1;-1
2017-02-09 19:58:17.77657;1486670297077657;2017-02-09 19:58:17.86765;1486670297086765;-1;-1;-1;-1;-1;-1
2017-02-09 19:58:17.177415;1486670297177415;2017-02-09 19:58:17.179887;1486670297179887;-1;-1;-1;-1;-1;-1
2017-02-09 19:58:17.278189;1486670297278189;2017-02-09 19:58:17.280074;1486670297280074;-1;-1;-1;-1;-1;-1
2017-02-09 19:58:17.379130;1486670297379130;2017-02-09 19:58:17.380957;1486670297380957;-1;-1;-1;-1;-1;-1
2017-02-09 19:58:17.477845;1486670297477845;2017-02-09 19:58:17.479427;1486670297479427;-1;-1;-1;-1;-1;-1
2017-02-09 19:58:17.576894;1486670297576894;2017-02-09 19:58:17.579102;1486670297579102;-1;-1;-1;-1;-1;-1
2017-02-09 19:58:17.679762;1486670297679762;2017-02-09 19:58:17.683566;1486670297683566;-1;-1;-1;-1;-1;-1
2017-02-09 19:58:17.776789;1486670297776789;2017-02-09 19:58:17.780690;1486670297780690;-1;-1;-1;-1;-1;-1
2017-02-09 19:58:17.877760;1486670297877760;2017-02-09 19:58:17.880872;1486670297880872;-1;-1;-1;-1;-1;-1
2017-02-09 19:58:17.977149;1486670297977149;2017-02-09 19:58:17.978897;1486670297978897;-1;-1;-1;-1;-1;-1
2017-02-09 19:58:18.79142;1486670298079142;2017-02-09 19:58:18.82853;1486670298082853;-1;-1;-1;-1;-1;-1
2017-02-09 19:58:18.180899;1486670298180899;2017-02-09 19:58:18.183411;1486670298183411;-1;-1;-1;-1;-1;-1
2017-02-09 19:58:18.278700;1486670298278700;2017-02-09 19:58:18.280562;1486670298280562;-1;-1;-1;-1;-1;-1
2017-02-09 19:58:18.379455;1486670298379455;2017-02-09 19:58:18.380534;1486670298380534;-1;-1;-1;-1;-1;-1
2017-02-09 19:58:18.481972;1486670298481972;2017-02-09 19:58:18.483690;1486670298483690;-1;-1;-1;-1;-1;-1
2017-02-09 19:58:18.582697;1486670298582697;2017-02-09 19:58:18.587659;1486670298587659;-1;-1;-1;-1;-1;-1
2017-02-09 19:58:18.685112;1486670298685112;2017-02-09 19:58:18.686633;1486670298686633;-1;-1;-1;-1;-1;-1
2017-02-09 19:58:18.783033;1486670298783033;2017-02-09 19:58:18.785842;1486670298785842;-1;-1;-1;-1;-1;-1
2017-02-09 19:58:18.880811;1486670298880811;2017-02-09 19:58:18.882021;1486670298882021;-1;-1;-1;-1;-1;-1
2017-02-09 19:58:18.988902;1486670298988902;2017-02-09 19:58:18.990281;1486670298990281;-1;-1;-1;-1;-1;-1
2017-02-09 19:58:19.84455;1486670299084455;2017-02-09 19:58:19.85387;1486670299085387;-1;-1;-1;-1;-1;-1
2017-02-09 19:58:19.179694;1486670299179694;2017-02-09 19:58:19.182283;1486670299182283;-1;-1;-1;-1;-1;-1
2017-02-09 19:58:19.282659;1486670299282659;2017-02-09 19:58:19.286263;1486670299286263;-1;-1;-1;-1;-1;-1
2017-02-09 19:58:19.377222;1486670299377222;2017-02-09 19:58:19.379582;1486670299379582;-1;-1;-1;-1;-1;-1
2017-02-09 19:58:19.482684;1486670299482684;2017-02-09 19:58:19.485861;1486670299485861;-1;-1;-1;-1;-1;-1
2017-02-09 19:58:19.582294;1486670299582294;2017-02-09 19:58:19.582994;1486670299582994;-1;-1;-1;-1;-1;-1
2017-02-09 19:58:19.682736;1486670299682736;2017-02-09 19:58:19.685124;1486670299685124;-1;-1;-1;-1;-1;-1
2017-02-09 19:58:19.783494;1486670299783494;2017-02-09 19:58:19.785644;1486670299785644;-1;-1;-1;-1;-1;-1
2017-02-09 19:58:19.883406;1486670299883406;2017-02-09 19:58:19.884593;1486670299884593;-1;-1;-1;-1;-1;-1
2017-02-09 19:58:19.980942;1486670299980942;2017-02-09 19:58:19.982004;1486670299982004;-1;-1;-1;-1;-1;-1
2017-02-09 19:58:20.80362;1486670300080362;2017-02-09 19:58:20.81775;1486670300081775;-1;-1;-1;-1;-1;-1
2017-02-09 19:58:20.178661;1486670300178661;2017-02-09 19:58:20.180303;1486670300180303;-1;-1;-1;-1;-1;-1
2017-02-09 19:58:20.279873;1486670300279873;2017-02-09 19:58:20.282258;1486670300282258;-1;-1;-1;-1;-1;-1
2017-02-09 19:58:20.383605;1486670300383605;2017-02-09 19:58:20.384513;1486670300384513;-1;-1;-1;-1;-1;-1
2017-02-09 19:58:20.485057;1486670300485057;2017-02-09 19:58:20.486066;1486670300486066;-1;-1;-1;-1;-1;-1
2017-02-09 19:58:20.581755;1486670300581755;2017-02-09 19:58:20.583102;1486670300583102;-1;-1;-1;-1;-1;-1
2017-02-09 19:58:20.680905;1486670300680905;2017-02-09 19:58:20.685774;1486670300685774;-1;-1;-1;-1;-1;-1
2017-02-09 19:58:20.779685;1486670300779685;2017-02-09 19:58:20.782373;1486670300782373;-1;-1;-1;-1;-1;-1
2017-02-09 19:58:20.878366;1486670300878366;2017-02-09 19:58:20.880459;1486670300880459;-1;-1;-1;-1;-1;-1
2017-02-09 19:58:20.978004;1486670300978004;2017-02-09 19:58:20.979948;1486670300979948;-1;-1;-1;-1;-1;-1
2017-02-09 19:58:21.78682;1486670301078682;2017-02-09 19:58:21.81934;1486670301081934;-1;-1;-1;-1;-1;-1
2017-02-09 19:58:21.181038;1486670301181038;2017-02-09 19:58:21.182366;1486670301182366;-1;-1;-1;-1;-1;-1
2017-02-09 19:58:21.277789;1486670301277789;2017-02-09 19:58:21.282665;1486670301282665;-1;-1;-1;-1;-1;-1
2017-02-09 19:58:21.382561;1486670301382561;2017-02-09 19:58:21.386052;1486670301386052;-1;-1;-1;-1;-1;-1
2017-02-09 19:58:21.477606;1486670301477606;2017-02-09 19:58:21.478712;1486670301478712;-1;-1;-1;-1;-1;-1
2017-02-09 19:58:21.577843;1486670301577843;2017-02-09 19:58:21.579148;1486670301579148;-1;-1;-1;-1;-1;-1
2017-02-09 19:58:21.677587;1486670301677587;2017-02-09 19:58:21.679034;1486670301679034;-1;-1;-1;-1;-1;-1
2017-02-09 19:58:21.778152;1486670301778152;2017-02-09 19:58:21.781429;1486670301781429;-1;-1;-1;-1;-1;-1
2017-02-09 19:58:21.878735;1486670301878735;2017-02-09 19:58:21.879580;1486670301879580;-1;-1;-1;-1;-1;-1
2017-02-09 19:58:21.977740;1486670301977740;2017-02-09 19:58:21.980360;1486670301980360;-1;-1;-1;-1;-1;-1
2017-02-09 19:58:22.79655;1486670302079655;2017-02-09 19:58:22.82507;1486670302082507;-1;-1;-1;-1;-1;-1
2017-02-09 19:58:22.181340;1486670302181340;2017-02-09 19:58:22.187197;1486670302187197;-1;-1;-1;-1;-1;-1
2017-02-09 19:58:22.279822;1486670302279822;2017-02-09 19:58:22.280549;1486670302280549;-1;-1;-1;-1;-1;-1
2017-02-09 19:58:22.380510;1486670302380510;2017-02-09 19:58:22.386068;1486670302386068;-1;-1;-1;-1;-1;-1
2017-02-09 19:58:22.478282;1486670302478282;2017-02-09 19:58:22.479465;1486670302479465;-1;-1;-1;-1;-1;-1
2017-02-09 19:58:22.579997;1486670302579997;2017-02-09 19:58:22.580793;1486670302580793;-1;-1;-1;-1;-1;-1
2017-02-09 19:58:22.681424;1486670302681424;2017-02-09 19:58:22.682711;1486670302682711;-1;-1;-1;-1;-1;-1
2017-02-09 19:58:22.783227;1486670302783227;2017-02-09 19:58:22.785550;1486670302785550;-1;-1;-1;-1;-1;-1
2017-02-09 19:58:22.882683;1486670302882683;2017-02-09 19:58:22.883247;1486670302883247;-1;-1;-1;-1;-1;-1
2017-02-09 19:58:22.987912;1486670302987912;2017-02-09 19:58:22.988944;1486670302988944;-1;-1;-1;-1;-1;-1
2017-02-09 19:58:23.77404;1486670303077404;2017-02-09 19:58:23.79497;1486670303079497;-1;-1;-1;-1;-1;-1
2017-02-09 19:58:23.177546;1486670303177546;2017-02-09 19:58:23.180203;1486670303180203;-1;-1;-1;-1;-1;-1
2017-02-09 19:58:23.277819;1486670303277819;2017-02-09 19:58:23.279421;1486670303279421;-1;-1;-1;-1;-1;-1
2017-02-09 19:58:23.377988;1486670303377988;2017-02-09 19:58:23.379540;1486670303379540;-1;-1;-1;-1;-1;-1
2017-02-09 19:58:23.479711;1486670303479711;2017-02-09 19:58:23.481069;1486670303481069;-1;-1;-1;-1;-1;-1
2017-02-09 19:58:23.579463;1486670303579463;2017-02-09 19:58:23.580964;1486670303580964;-1;-1;-1;-1;-1;-1
2017-02-09 19:58:23.680683;1486670303680683;2017-02-09 19:58:23.682336;1486670303682336;-1;-1;-1;-1;-1;-1
2017-02-09 19:58:23.778018;1486670303778018;2017-02-09 19:58:23.784156;1486670303784156;-1;-1;-1;-1;-1;-1
2017-02-09 19:58:23.877513;1486670303877513;2017-02-09 19:58:23.880843;1486670303880843;-1;-1;-1;-1;-1;-1
2017-02-09 19:58:23.978111;1486670303978111;2017-02-09 19:58:23.980658;1486670303980658;-1;-1;-1;-1;-1;-1
2017-02-09 19:58:24.78957;1486670304078957;2017-02-09 19:58:24.81109;1486670304081109;-1;-1;-1;-1;-1;-1
2017-02-09 19:58:24.181468;1486670304181468;2017-02-09 19:58:24.183538;1486670304183538;-1;-1;-1;-1;-1;-1
2017-02-09 19:58:24.276767;1486670304276767;2017-02-09 19:58:24.279364;1486670304279364;-1;-1;-1;-1;-1;-1
2017-02-09 19:58:24.379928;1486670304379928;2017-02-09 19:58:24.381185;1486670304381185;-1;-1;-1;-1;-1;-1
2017-02-09 19:58:24.477295;1486670304477295;2017-02-09 19:58:24.478653;1486670304478653;-1;-1;-1;-1;-1;-1
2017-02-09 19:58:24.577619;1486670304577619;2017-02-09 19:58:24.578787;1486670304578787;-1;-1;-1;-1;-1;-1
2017-02-09 19:58:24.680631;1486670304680631;2017-02-09 19:58:24.681665;1486670304681665;-1;-1;-1;-1;-1;-1
2017-02-09 19:58:24.784608;1486670304784608;2017-02-09 19:58:24.785559;1486670304785559;-1;-1;-1;-1;-1;-1
2017-02-09 19:58:24.880939;1486670304880939;2017-02-09 19:58:24.882174;1486670304882174;-1;-1;-1;-1;-1;-1
2017-02-09 19:58:24.979519;1486670304979519;2017-02-09 19:58:24.981003;1486670304981003;-1;-1;-1;-1;-1;-1
2017-02-09 19:58:25.80129;1486670305080129;2017-02-09 19:58:25.81222;1486670305081222;-1;-1;-1;-1;-1;-1
2017-02-09 19:58:25.180910;1486670305180910;2017-02-09 19:58:25.181804;1486670305181804;-1;-1;-1;-1;-1;-1
2017-02-09 19:58:25.280072;1486670305280072;2017-02-09 19:58:25.281980;1486670305281980;-1;-1;-1;-1;-1;-1
2017-02-09 19:58:25.380760;1486670305380760;2017-02-09 19:58:25.382860;1486670305382860;-1;-1;-1;-1;-1;-1
2017-02-09 19:58:25.478872;1486670305478872;2017-02-09 19:58:25.480346;1486670305480346;-1;-1;-1;-1;-1;-1
2017-02-09 19:58:25.580720;1486670305580720;2017-02-09 19:58:25.581783;1486670305581783;-1;-1;-1;-1;-1;-1
2017-02-09 19:58:25.681201;1486670305681201;2017-02-09 19:58:25.685097;1486670305685097;-1;-1;-1;-1;-1;-1
2017-02-09 19:58:25.777900;1486670305777900;2017-02-09 19:58:25.779320;1486670305779320;-1;-1;-1;-1;-1;-1
2017-02-09 19:58:25.877637;1486670305877637;2017-02-09 19:58:25.879290;1486670305879290;-1;-1;-1;-1;-1;-1
2017-02-09 19:58:25.977626;1486670305977626;2017-02-09 19:58:25.984000;1486670305984000;-1;-1;-1;-1;-1;-1
2017-02-09 19:58:26.80894;1486670306080894;2017-02-09 19:58:26.88092;1486670306088092;-1;-1;-1;-1;-1;-1
2017-02-09 19:58:26.181872;1486670306181872;2017-02-09 19:58:26.182893;1486670306182893;-1;-1;-1;-1;-1;-1
2017-02-09 19:58:26.279711;1486670306279711;2017-02-09 19:58:26.280416;1486670306280416;-1;-1;-1;-1;-1;-1
2017-02-09 19:58:26.380791;1486670306380791;2017-02-09 19:58:26.381928;1486670306381928;-1;-1;-1;-1;-1;-1
2017-02-09 19:58:26.480420;1486670306480420;2017-02-09 19:58:26.481310;1486670306481310;-1;-1;-1;-1;-1;-1
2017-02-09 19:58:26.582795;1486670306582795;2017-02-09 19:58:26.583462;1486670306583462;-1;-1;-1;-1;-1;-1
2017-02-09 19:58:26.678352;1486670306678352;2017-02-09 19:58:26.679034;1486670306679034;-1;-1;-1;-1;-1;-1
2017-02-09 19:58:26.778528;1486670306778528;2017-02-09 19:58:26.779204;1486670306779204;-1;-1;-1;-1;-1;-1
2017-02-09 19:58:26.880304;1486670306880304;2017-02-09 19:58:26.881911;1486670306881911;-1;-1;-1;-1;-1;-1
2017-02-09 19:58:26.979054;1486670306979054;2017-02-09 19:58:26.979866;1486670306979866;-1;-1;-1;-1;-1;-1
2017-02-09 19:58:27.79974;1486670307079974;2017-02-09 19:58:27.80596;1486670307080596;-1;-1;-1;-1;-1;-1
2017-02-09 19:58:27.176672;1486670307176672;2017-02-09 19:58:27.177849;1486670307177849;-1;-1;-1;-1;-1;-1
2017-02-09 19:58:27.280692;1486670307280692;2017-02-09 19:58:27.281934;1486670307281934;-1;-1;-1;-1;-1;-1
2017-02-09 19:58:27.378051;1486670307378051;2017-02-09 19:58:27.379218;1486670307379218;-1;-1;-1;-1;-1;-1
2017-02-09 19:58:27.478491;1486670307478491;2017-02-09 19:58:27.479792;1486670307479792;-1;-1;-1;-1;-1;-1
2017-02-09 19:58:27.580687;1486670307580687;2017-02-09 19:58:27.581739;1486670307581739;-1;-1;-1;-1;-1;-1
2017-02-09 19:58:27.678693;1486670307678693;2017-02-09 19:58:27.680037;1486670307680037;-1;-1;-1;-1;-1;-1
2017-02-09 19:58:27.780698;1486670307780698;2017-02-09 19:58:27.781800;1486670307781800;-1;-1;-1;-1;-1;-1
2017-02-09 19:58:27.877695;1486670307877695;2017-02-09 19:58:27.878995;1486670307878995;-1;-1;-1;-1;-1;-1
2017-02-09 19:58:27.978258;1486670307978258;2017-02-09 19:58:27.979125;1486670307979125;-1;-1;-1;-1;-1;-1
2017-02-09 19:58:28.78436;1486670308078436;2017-02-09 19:58:28.79187;1486670308079187;-1;-1;-1;-1;-1;-1
2017-02-09 19:58:28.181020;1486670308181020;2017-02-09 19:58:28.181763;1486670308181763;-1;-1;-1;-1;-1;-1
2017-02-09 19:58:28.297041;1486670308297041;2017-02-09 19:58:28.301778;1486670308301778;-1;-1;-1;-1;-1;-1
2017-02-09 19:58:28.379198;1486670308379198;2017-02-09 19:58:28.380021;1486670308380021;-1;-1;-1;-1;-1;-1
2017-02-09 19:58:28.477741;1486670308477741;2017-02-09 19:58:28.478601;1486670308478601;-1;-1;-1;-1;-1;-1
2017-02-09 19:58:28.581277;1486670308581277;2017-02-09 19:58:28.582170;1486670308582170;-1;-1;-1;-1;-1;-1
2017-02-09 19:58:28.681319;1486670308681319;2017-02-09 19:58:28.683460;1486670308683460;-1;-1;-1;-1;-1;-1
2017-02-09 19:58:28.788249;1486670308788249;2017-02-09 19:58:28.790976;1486670308790976;-1;-1;-1;-1;-1;-1
2017-02-09 19:58:28.883463;1486670308883463;2017-02-09 19:58:28.884614;1486670308884614;-1;-1;-1;-1;-1;-1
2017-02-09 19:58:28.983586;1486670308983586;2017-02-09 19:58:28.984434;1486670308984434;-1;-1;-1;-1;-1;-1
2017-02-09 19:58:29.86044;1486670309086044;2017-02-09 19:58:29.87244;1486670309087244;-1;-1;-1;-1;-1;-1
2017-02-09 19:58:29.178368;1486670309178368;2017-02-09 19:58:29.179409;1486670309179409;-1;-1;-1;-1;-1;-1
2017-02-09 19:58:29.281469;1486670309281469;2017-02-09 19:58:29.282399;1486670309282399;-1;-1;-1;-1;-1;-1
2017-02-09 19:58:29.384797;1486670309384797;2017-02-09 19:58:29.385868;1486670309385868;-1;-1;-1;-1;-1;-1
2017-02-09 19:58:29.480269;1486670309480269;2017-02-09 19:58:29.483824;1486670309483824;-1;-1;-1;-1;-1;-1
2017-02-09 19:58:29.584191;1486670309584191;2017-02-09 19:58:29.585686;1486670309585686;-1;-1;-1;-1;-1;-1
2017-02-09 19:58:29.679901;1486670309679901;2017-02-09 19:58:29.680702;1486670309680702;-1;-1;-1;-1;-1;-1
2017-02-09 19:58:29.788296;1486670309788296;2017-02-09 19:58:29.788973;1486670309788973;-1;-1;-1;-1;-1;-1
2017-02-09 19:58:29.886424;1486670309886424;2017-02-09 19:58:29.887391;1486670309887391;-1;-1;-1;-1;-1;-1
2017-02-09 19:58:29.977641;1486670309977641;2017-02-09 19:58:29.978887;1486670309978887;-1;-1;-1;-1;-1;-1
2017-02-09 19:58:30.77801;1486670310077801;2017-02-09 19:58:30.81530;1486670310081530;-1;-1;-1;-1;-1;-1
2017-02-09 19:58:30.178852;1486670310178852;2017-02-09 19:58:30.180939;1486670310180939;-1;-1;-1;-1;-1;-1
2017-02-09 19:58:30.284523;1486670310284523;2017-02-09 19:58:30.289800;1486670310289800;-1;-1;-1;-1;-1;-1
2017-02-09 19:58:30.379293;1486670310379293;2017-02-09 19:58:30.380520;1486670310380520;-1;-1;-1;-1;-1;-1
2017-02-09 19:58:30.487633;1486670310487633;2017-02-09 19:58:30.491462;1486670310491462;-1;-1;-1;-1;-1;-1
2017-02-09 19:58:30.577822;1486670310577822;2017-02-09 19:58:30.581917;1486670310581917;-1;-1;-1;-1;-1;-1
2017-02-09 19:58:30.679344;1486670310679344;2017-02-09 19:58:30.683788;1486670310683788;-1;-1;-1;-1;-1;-1
2017-02-09 19:58:30.779899;1486670310779899;2017-02-09 19:58:30.781094;1486670310781094;-1;-1;-1;-1;-1;-1
2017-02-09 19:58:30.883645;1486670310883645;2017-02-09 19:58:30.887081;1486670310887081;-1;-1;-1;-1;-1;-1
2017-02-09 19:58:30.987118;1486670310987118;2017-02-09 19:58:30.988918;1486670310988918;-1;-1;-1;-1;-1;-1
2017-02-09 19:58:31.107492;1486670311107492;2017-02-09 19:58:31.109018;1486670311109018;-1;-1;-1;-1;-1;-1
2017-02-09 19:58:31.203309;1486670311203309;2017-02-09 19:58:31.204302;1486670311204302;-1;-1;-1;-1;-1;-1
2017-02-09 19:58:31.287441;1486670311287441;2017-02-09 19:58:31.301347;1486670311301347;-1;-1;-1;-1;-1;-1
2017-02-09 19:58:31.386894;1486670311386894;2017-02-09 19:58:31.387687;1486670311387687;-1;-1;-1;-1;-1;-1
2017-02-09 19:58:31.480837;1486670311480837;2017-02-09 19:58:31.483467;1486670311483467;-1;-1;-1;-1;-1;-1
2017-02-09 19:58:31.585311;1486670311585311;2017-02-09 19:58:31.586306;1486670311586306;-1;-1;-1;-1;-1;-1
2017-02-09 19:58:31.678341;1486670311678341;2017-02-09 19:58:31.683497;1486670311683497;-1;-1;-1;-1;-1;-1
2017-02-09 19:58:31.778684;1486670311778684;2017-02-09 19:58:31.786993;1486670311786993;-1;-1;-1;-1;-1;-1
2017-02-09 19:58:31.879235;1486670311879235;2017-02-09 19:58:31.880502;1486670311880502;-1;-1;-1;-1;-1;-1
2017-02-09 19:58:31.978801;1486670311978801;2017-02-09 19:58:31.980211;1486670311980211;-1;-1;-1;-1;-1;-1
2017-02-09 19:58:32.78072;1486670312078072;2017-02-09 19:58:32.79831;1486670312079831;-1;-1;-1;-1;-1;-1
2017-02-09 19:58:32.177942;1486670312177942;2017-02-09 19:58:32.190630;1486670312190630;-1;-1;-1;-1;-1;-1
2017-02-09 19:58:32.277665;1486670312277665;2017-02-09 19:58:32.278671;1486670312278671;-1;-1;-1;-1;-1;-1
2017-02-09 19:58:32.378786;1486670312378786;2017-02-09 19:58:32.380048;1486670312380048;-1;-1;-1;-1;-1;-1
2017-02-09 19:58:32.486485;1486670312486485;2017-02-09 19:58:32.491712;1486670312491712;-1;-1;-1;-1;-1;-1
2017-02-09 19:58:32.580895;1486670312580895;2017-02-09 19:58:32.592479;1486670312592479;-1;-1;-1;-1;-1;-1
2017-02-09 19:58:32.686287;1486670312686287;2017-02-09 19:58:32.687365;1486670312687365;-1;-1;-1;-1;-1;-1
2017-02-09 19:58:32.783709;1486670312783709;2017-02-09 19:58:32.786450;1486670312786450;-1;-1;-1;-1;-1;-1
2017-02-09 19:58:32.881537;1486670312881537;2017-02-09 19:58:32.883983;1486670312883983;-1;-1;-1;-1;-1;-1
2017-02-09 19:58:32.977080;1486670312977080;2017-02-09 19:58:32.977715;1486670312977715;-1;-1;-1;-1;-1;-1
2017-02-09 19:58:33.79980;1486670313079980;2017-02-09 19:58:33.82945;1486670313082945;-1;-1;-1;-1;-1;-1
2017-02-09 19:58:33.184058;1486670313184058;2017-02-09 19:58:33.185092;1486670313185092;-1;-1;-1;-1;-1;-1
2017-02-09 19:58:33.280324;1486670313280324;2017-02-09 19:58:33.281364;1486670313281364;-1;-1;-1;-1;-1;-1
2017-02-09 19:58:33.382147;1486670313382147;2017-02-09 19:58:33.383190;1486670313383190;-1;-1;-1;-1;-1;-1
2017-02-09 19:58:33.477831;1486670313477831;2017-02-09 19:58:33.483757;1486670313483757;-1;-1;-1;-1;-1;-1
2017-02-09 19:58:33.581065;1486670313581065;2017-02-09 19:58:33.582270;1486670313582270;-1;-1;-1;-1;-1;-1
2017-02-09 19:58:33.684411;1486670313684411;2017-02-09 19:58:33.685457;1486670313685457;-1;-1;-1;-1;-1;-1
2017-02-09 19:58:33.777095;1486670313777095;2017-02-09 19:58:33.781690;1486670313781690;-1;-1;-1;-1;-1;-1
2017-02-09 19:58:33.878569;1486670313878569;2017-02-09 19:58:33.882720;1486670313882720;-1;-1;-1;-1;-1;-1
2017-02-09 19:58:33.977267;1486670313977267;2017-02-09 19:58:33.978090;1486670313978090;-1;-1;-1;-1;-1;-1
2017-02-09 19:58:34.77726;1486670314077726;2017-02-09 19:58:34.86043;1486670314086043;-1;-1;-1;-1;-1;-1
2017-02-09 19:58:34.181109;1486670314181109;2017-02-09 19:58:34.183858;1486670314183858;-1;-1;-1;-1;-1;-1
2017-02-09 19:58:34.276665;1486670314276665;2017-02-09 19:58:34.278853;1486670314278853;-1;-1;-1;-1;-1;-1
2017-02-09 19:58:34.380278;1486670314380278;2017-02-09 19:58:34.381446;1486670314381446;-1;-1;-1;-1;-1;-1
2017-02-09 19:58:34.482853;1486670314482853;2017-02-09 19:58:34.484517;1486670314484517;-1;-1;-1;-1;-1;-1
2017-02-09 19:58:34.576998;1486670314576998;2017-02-09 19:58:34.585392;1486670314585392;-1;-1;-1;-1;-1;-1
2017-02-09 19:58:34.679556;1486670314679556;2017-02-09 19:58:34.680510;1486670314680510;-1;-1;-1;-1;-1;-1
2017-02-09 19:58:34.778558;1486670314778558;2017-02-09 19:58:34.784908;1486670314784908;-1;-1;-1;-1;-1;-1
2017-02-09 19:58:34.884095;1486670314884095;2017-02-09 19:58:34.886434;1486670314886434;-1;-1;-1;-1;-1;-1
2017-02-09 19:58:34.983767;1486670314983767;2017-02-09 19:58:34.984860;1486670314984860;-1;-1;-1;-1;-1;-1
2017-02-09 19:58:35.82883;1486670315082883;2017-02-09 19:58:35.83906;1486670315083906;-1;-1;-1;-1;-1;-1
2017-02-09 19:58:35.181075;1486670315181075;2017-02-09 19:58:35.182474;1486670315182474;-1;-1;-1;-1;-1;-1
2017-02-09 19:58:35.287855;1486670315287855;2017-02-09 19:58:35.288742;1486670315288742;-1;-1;-1;-1;-1;-1
2017-02-09 19:58:35.379640;1486670315379640;2017-02-09 19:58:35.380449;1486670315380449;-1;-1;-1;-1;-1;-1
2017-02-09 19:58:35.480655;1486670315480655;2017-02-09 19:58:35.481716;1486670315481716;-1;-1;-1;-1;-1;-1
2017-02-09 19:58:35.580238;1486670315580238;2017-02-09 19:58:35.585617;1486670315585617;-1;-1;-1;-1;-1;-1
2017-02-09 19:58:35.683883;1486670315683883;2017-02-09 19:58:35.684819;1486670315684819;-1;-1;-1;-1;-1;-1
2017-02-09 19:58:35.782031;1486670315782031;2017-02-09 19:58:35.783115;1486670315783115;-1;-1;-1;-1;-1;-1
2017-02-09 19:58:35.884793;1486670315884793;2017-02-09 19:58:35.885878;1486670315885878;-1;-1;-1;-1;-1;-1
2017-02-09 19:58:35.981003;1486670315981003;2017-02-09 19:58:35.994827;1486670315994827;-1;-1;-1;-1;-1;-1
2017-02-09 19:58:36.82996;1486670316082996;2017-02-09 19:58:36.86045;1486670316086045;-1;-1;-1;-1;-1;-1
2017-02-09 19:58:36.177973;1486670316177973;2017-02-09 19:58:36.182130;1486670316182130;-1;-1;-1;-1;-1;-1
2017-02-09 19:58:36.277715;1486670316277715;2017-02-09 19:58:36.282512;1486670316282512;-1;-1;-1;-1;-1;-1
2017-02-09 19:58:36.379613;1486670316379613;2017-02-09 19:58:36.380851;1486670316380851;-1;-1;-1;-1;-1;-1
2017-02-09 19:58:36.477674;1486670316477674;2017-02-09 19:58:36.483653;1486670316483653;-1;-1;-1;-1;-1;-1
2017-02-09 19:58:36.578754;1486670316578754;2017-02-09 19:58:36.580359;1486670316580359;-1;-1;-1;-1;-1;-1
2017-02-09 19:58:36.683795;1486670316683795;2017-02-09 19:58:36.685352;1486670316685352;-1;-1;-1;-1;-1;-1
2017-02-09 19:58:36.778142;1486670316778142;2017-02-09 19:58:36.783336;1486670316783336;-1;-1;-1;-1;-1;-1
2017-02-09 19:58:36.881014;1486670316881014;2017-02-09 19:58:36.882587;1486670316882587;-1;-1;-1;-1;-1;-1
2017-02-09 19:58:36.985943;1486670316985943;2017-02-09 19:58:36.987467;1486670316987467;-1;-1;-1;-1;-1;-1
2017-02-09 19:58:37.78160;1486670317078160;2017-02-09 19:58:37.85596;1486670317085596;-1;-1;-1;-1;-1;-1
2017-02-09 19:58:37.183248;1486670317183248;2017-02-09 19:58:37.187888;1486670317187888;-1;-1;-1;-1;-1;-1
2017-02-09 19:58:37.276863;1486670317276863;2017-02-09 19:58:37.277454;1486670317277454;-1;-1;-1;-1;-1;-1
2017-02-09 19:58:37.379480;1486670317379480;2017-02-09 19:58:37.382378;1486670317382378;-1;-1;-1;-1;-1;-1
2017-02-09 19:58:37.478130;1486670317478130;2017-02-09 19:58:37.478983;1486670317478983;-1;-1;-1;-1;-1;-1
2017-02-09 19:58:37.578200;1486670317578200;2017-02-09 19:58:37.582008;1486670317582008;-1;-1;-1;-1;-1;-1
2017-02-09 19:58:37.676399;1486670317676399;2017-02-09 19:58:37.687047;1486670317687047;-1;-1;-1;-1;-1;-1
2017-02-09 19:58:37.781581;1486670317781581;2017-02-09 19:58:37.783110;1486670317783110;-1;-1;-1;-1;-1;-1
2017-02-09 19:58:37.881707;1486670317881707;2017-02-09 19:58:37.882453;1486670317882453;-1;-1;-1;-1;-1;-1
2017-02-09 19:58:37.978462;1486670317978462;2017-02-09 19:58:37.983923;1486670317983923;-1;-1;-1;-1;-1;-1
2017-02-09 19:58:38.80640;1486670318080640;2017-02-09 19:58:38.81330;1486670318081330;-1;-1;-1;-1;-1;-1
2017-02-09 19:58:38.183466;1486670318183466;2017-02-09 19:58:38.184409;1486670318184409;-1;-1;-1;-1;-1;-1
2017-02-09 19:58:38.281144;1486670318281144;2017-02-09 19:58:38.283768;1486670318283768;-1;-1;-1;-1;-1;-1
2017-02-09 19:58:38.385275;1486670318385275;2017-02-09 19:58:38.386616;1486670318386616;-1;-1;-1;-1;-1;-1
2017-02-09 19:58:38.482641;1486670318482641;2017-02-09 19:58:38.483548;1486670318483548;-1;-1;-1;-1;-1;-1
2017-02-09 19:58:38.584316;1486670318584316;2017-02-09 19:58:38.585133;1486670318585133;-1;-1;-1;-1;-1;-1
2017-02-09 19:58:38.682332;1486670318682332;2017-02-09 19:58:38.683439;1486670318683439;-1;-1;-1;-1;-1;-1
2017-02-09 19:58:38.783951;1486670318783951;2017-02-09 19:58:38.784784;1486670318784784;-1;-1;-1;-1;-1;-1
2017-02-09 19:58:38.885307;1486670318885307;2017-02-09 19:58:38.886099;1486670318886099;-1;-1;-1;-1;-1;-1
2017-02-09 19:58:38.983354;1486670318983354;2017-02-09 19:58:38.984100;1486670318984100;-1;-1;-1;-1;-1;-1
2017-02-09 19:58:39.79295;1486670319079295;2017-02-09 19:58:39.80931;1486670319080931;-1;-1;-1;-1;-1;-1
2017-02-09 19:58:39.178238;1486670319178238;2017-02-09 19:58:39.180981;1486670319180981;-1;-1;-1;-1;-1;-1
2017-02-09 19:58:39.279066;1486670319279066;2017-02-09 19:58:39.280472;1486670319280472;-1;-1;-1;-1;-1;-1
2017-02-09 19:58:39.379322;1486670319379322;2017-02-09 19:58:39.384155;1486670319384155;-1;-1;-1;-1;-1;-1
2017-02-09 19:58:39.484907;1486670319484907;2017-02-09 19:58:39.486197;1486670319486197;-1;-1;-1;-1;-1;-1
2017-02-09 19:58:39.582422;1486670319582422;2017-02-09 19:58:39.589345;1486670319589345;-1;-1;-1;-1;-1;-1
2017-02-09 19:58:39.683789;1486670319683789;2017-02-09 19:58:39.685335;1486670319685335;-1;-1;-1;-1;-1;-1
2017-02-09 19:58:39.781034;1486670319781034;2017-02-09 19:58:39.782462;1486670319782462;-1;-1;-1;-1;-1;-1
2017-02-09 19:58:39.886191;1486670319886191;2017-02-09 19:58:39.888738;1486670319888738;-1;-1;-1;-1;-1;-1
2017-02-09 19:58:39.978967;1486670319978967;2017-02-09 19:58:39.981050;1486670319981050;-1;-1;-1;-1;-1;-1
2017-02-09 19:58:40.77691;1486670320077691;2017-02-09 19:58:40.79541;1486670320079541;-1;-1;-1;-1;-1;-1
2017-02-09 19:58:40.177877;1486670320177877;2017-02-09 19:58:40.178845;1486670320178845;-1;-1;-1;-1;-1;-1
2017-02-09 19:58:40.281592;1486670320281592;2017-02-09 19:58:40.282024;1486670320282024;-1;-1;-1;-1;-1;-1
2017-02-09 19:58:40.381575;1486670320381575;2017-02-09 19:58:40.382034;1486670320382034;-1;-1;-1;-1;-1;-1
2017-02-09 19:58:40.484478;1486670320484478;2017-02-09 19:58:40.485068;1486670320485068;-1;-1;-1;-1;-1;-1
2017-02-09 19:58:40.579163;1486670320579163;2017-02-09 19:58:40.588025;1486670320588025;-1;-1;-1;-1;-1;-1
2017-02-09 19:58:40.678083;1486670320678083;2017-02-09 19:58:40.678781;1486670320678781;-1;-1;-1;-1;-1;-1
2017-02-09 19:58:40.776813;1486670320776813;2017-02-09 19:58:40.778699;1486670320778699;-1;-1;-1;-1;-1;-1
2017-02-09 19:58:40.883017;1486670320883017;2017-02-09 19:58:40.884290;1486670320884290;-1;-1;-1;-1;-1;-1
2017-02-09 19:58:40.982116;1486670320982116;2017-02-09 19:58:40.983314;1486670320983314;-1;-1;-1;-1;-1;-1
2017-02-09 19:58:41.87915;1486670321087915;2017-02-09 19:58:41.90746;1486670321090746;-1;-1;-1;-1;-1;-1
2017-02-09 19:58:41.180616;1486670321180616;2017-02-09 19:58:41.187575;1486670321187575;-1;-1;-1;-1;-1;-1
2017-02-09 19:58:41.279675;1486670321279675;2017-02-09 19:58:41.281186;1486670321281186;-1;-1;-1;-1;-1;-1
2017-02-09 19:58:41.378143;1486670321378143;2017-02-09 19:58:41.379582;1486670321379582;-1;-1;-1;-1;-1;-1
2017-02-09 19:58:41.478084;1486670321478084;2017-02-09 19:58:41.481308;1486670321481308;-1;-1;-1;-1;-1;-1
2017-02-09 19:58:41.577882;1486670321577882;2017-02-09 19:58:41.578577;1486670321578577;-1;-1;-1;-1;-1;-1
2017-02-09 19:58:41.677697;1486670321677697;2017-02-09 19:58:41.678427;1486670321678427;-1;-1;-1;-1;-1;-1
2017-02-09 19:58:41.778418;1486670321778418;2017-02-09 19:58:41.780826;1486670321780826;-1;-1;-1;-1;-1;-1
2017-02-09 19:58:41.877689;1486670321877689;2017-02-09 19:58:41.881273;1486670321881273;-1;-1;-1;-1;-1;-1
2017-02-09 19:58:41.980069;1486670321980069;2017-02-09 19:58:41.981450;1486670321981450;-1;-1;-1;-1;-1;-1
2017-02-09 19:58:42.80983;1486670322080983;2017-02-09 19:58:42.82044;1486670322082044;-1;-1;-1;-1;-1;-1
2017-02-09 19:58:42.182933;1486670322182933;2017-02-09 19:58:42.185861;1486670322185861;-1;-1;-1;-1;-1;-1
2017-02-09 19:58:42.285108;1486670322285108;2017-02-09 19:58:42.287986;1486670322287986;-1;-1;-1;-1;-1;-1
2017-02-09 19:58:42.382014;1486670322382014;2017-02-09 19:58:42.383813;1486670322383813;-1;-1;-1;-1;-1;-1
2017-02-09 19:58:42.480112;1486670322480112;2017-02-09 19:58:42.481283;1486670322481283;-1;-1;-1;-1;-1;-1
2017-02-09 19:58:42.581896;1486670322581896;2017-02-09 19:58:42.583939;1486670322583939;-1;-1;-1;-1;-1;-1
2017-02-09 19:58:42.682330;1486670322682330;2017-02-09 19:58:42.693201;1486670322693201;-1;-1;-1;-1;-1;-1
2017-02-09 19:58:42.781415;1486670322781415;2017-02-09 19:58:42.784891;1486670322784891;-1;-1;-1;-1;-1;-1
2017-02-09 19:58:42.878319;1486670322878319;2017-02-09 19:58:42.879038;1486670322879038;-1;-1;-1;-1;-1;-1
2017-02-09 19:58:42.978273;1486670322978273;2017-02-09 19:58:42.979634;1486670322979634;-1;-1;-1;-1;-1;-1
2017-02-09 19:58:43.77494;1486670323077494;2017-02-09 19:58:43.78376;1486670323078376;-1;-1;-1;-1;-1;-1
2017-02-09 19:58:43.177826;1486670323177826;2017-02-09 19:58:43.178784;1486670323178784;-1;-1;-1;-1;-1;-1
2017-02-09 19:58:43.278793;1486670323278793;2017-02-09 19:58:43.280337;1486670323280337;-1;-1;-1;-1;-1;-1
2017-02-09 19:58:43.386648;1486670323386648;2017-02-09 19:58:43.395684;1486670323395684;-1;-1;-1;-1;-1;-1
2017-02-09 19:58:43.477830;1486670323477830;2017-02-09 19:58:43.478541;1486670323478541;-1;-1;-1;-1;-1;-1
2017-02-09 19:58:43.585792;1486670323585792;2017-02-09 19:58:43.586303;1486670323586303;-1;-1;-1;-1;-1;-1
2017-02-09 19:58:43.678245;1486670323678245;2017-02-09 19:58:43.679672;1486670323679672;-1;-1;-1;-1;-1;-1
2017-02-09 19:58:43.780029;1486670323780029;2017-02-09 19:58:43.781326;1486670323781326;-1;-1;-1;-1;-1;-1
2017-02-09 19:58:43.881688;1486670323881688;2017-02-09 19:58:43.885975;1486670323885975;-1;-1;-1;-1;-1;-1
2017-02-09 19:58:43.988112;1486670323988112;2017-02-09 19:58:43.988747;1486670323988747;-1;-1;-1;-1;-1;-1
2017-02-09 19:58:44.81164;1486670324081164;2017-02-09 19:58:44.81740;1486670324081740;-1;-1;-1;-1;-1;-1
2017-02-09 19:58:44.179031;1486670324179031;2017-02-09 19:58:44.179806;1486670324179806;-1;-1;-1;-1;-1;-1
2017-02-09 19:58:44.281492;1486670324281492;2017-02-09 19:58:44.281987;1486670324281987;-1;-1;-1;-1;-1;-1
2017-02-09 19:58:44.382951;1486670324382951;2017-02-09 19:58:44.383475;1486670324383475;-1;-1;-1;-1;-1;-1
2017-02-09 19:58:44.482123;1486670324482123;2017-02-09 19:58:44.484455;1486670324484455;-1;-1;-1;-1;-1;-1
2017-02-09 19:58:44.577134;1486670324577134;2017-02-09 19:58:44.579295;1486670324579295;-1;-1;-1;-1;-1;-1
2017-02-09 19:58:44.688226;1486670324688226;2017-02-09 19:58:44.696082;1486670324696082;-1;-1;-1;-1;-1;-1
2017-02-09 19:58:44.796313;1486670324796313;2017-02-09 19:58:44.797161;1486670324797161;-1;-1;-1;-1;-1;-1
2017-02-09 19:58:44.880905;1486670324880905;2017-02-09 19:58:44.882266;1486670324882266;-1;-1;-1;-1;-1;-1
2017-02-09 19:58:44.979466;1486670324979466;2017-02-09 19:58:44.980673;1486670324980673;-1;-1;-1;-1;-1;-1
2017-02-09 19:58:45.79082;1486670325079082;2017-02-09 19:58:45.80692;1486670325080692;-1;-1;-1;-1;-1;-1
2017-02-09 19:58:45.177742;1486670325177742;2017-02-09 19:58:45.184628;1486670325184628;-1;-1;-1;-1;-1;-1
2017-02-09 19:58:45.280473;1486670325280473;2017-02-09 19:58:45.282007;1486670325282007;-1;-1;-1;-1;-1;-1
2017-02-09 19:58:45.382855;1486670325382855;2017-02-09 19:58:45.385666;1486670325385666;-1;-1;-1;-1;-1;-1
2017-02-09 19:58:45.484350;1486670325484350;2017-02-09 19:58:45.487381;1486670325487381;-1;-1;-1;-1;-1;-1
2017-02-09 19:58:45.582050;1486670325582050;2017-02-09 19:58:45.587404;1486670325587404;-1;-1;-1;-1;-1;-1
2017-02-09 19:58:45.682651;1486670325682651;2017-02-09 19:58:45.684109;1486670325684109;-1;-1;-1;-1;-1;-1
2017-02-09 19:58:45.778036;1486670325778036;2017-02-09 19:58:45.782077;1486670325782077;-1;-1;-1;-1;-1;-1
2017-02-09 19:58:45.878927;1486670325878927;2017-02-09 19:58:45.879710;1486670325879710;-1;-1;-1;-1;-1;-1
2017-02-09 19:58:45.984158;1486670325984158;2017-02-09 19:58:45.985707;1486670325985707;-1;-1;-1;-1;-1;-1
2017-02-09 19:58:46.82728;1486670326082728;2017-02-09 19:58:46.85151;1486670326085151;-1;-1;-1;-1;-1;-1
2017-02-09 19:58:46.176584;1486670326176584;2017-02-09 19:58:46.181095;1486670326181095;-1;-1;-1;-1;-1;-1
2017-02-09 19:58:46.281185;1486670326281185;2017-02-09 19:58:46.282661;1486670326282661;-1;-1;-1;-1;-1;-1
2017-02-09 19:58:46.382375;1486670326382375;2017-02-09 19:58:46.383467;1486670326383467;-1;-1;-1;-1;-1;-1
2017-02-09 19:58:46.478833;1486670326478833;2017-02-09 19:58:46.480363;1486670326480363;-1;-1;-1;-1;-1;-1
2017-02-09 19:58:46.578018;1486670326578018;2017-02-09 19:58:46.581351;1486670326581351;-1;-1;-1;-1;-1;-1
2017-02-09 19:58:46.681498;1486670326681498;2017-02-09 19:58:46.686902;1486670326686902;-1;-1;-1;-1;-1;-1
2017-02-09 19:58:46.782258;1486670326782258;2017-02-09 19:58:46.785288;1486670326785288;-1;-1;-1;-1;-1;-1
2017-02-09 19:58:46.886558;1486670326886558;2017-02-09 19:58:46.894871;1486670326894871;-1;-1;-1;-1;-1;-1
2017-02-09 19:58:46.981982;1486670326981982;2017-02-09 19:58:46.983276;1486670326983276;-1;-1;-1;-1;-1;-1
2017-02-09 19:58:47.84384;1486670327084384;2017-02-09 19:58:47.85234;1486670327085234;-1;-1;-1;-1;-1;-1
2017-02-09 19:58:47.181753;1486670327181753;2017-02-09 19:58:47.182493;1486670327182493;-1;-1;-1;-1;-1;-1
2017-02-09 19:58:47.284476;1486670327284476;2017-02-09 19:58:47.286332;1486670327286332;-1;-1;-1;-1;-1;-1
2017-02-09 19:58:47.387125;1486670327387125;2017-02-09 19:58:47.388783;1486670327388783;-1;-1;-1;-1;-1;-1
2017-02-09 19:58:47.483544;1486670327483544;2017-02-09 19:58:47.484857;1486670327484857;-1;-1;-1;-1;-1;-1
2017-02-09 19:58:47.578931;1486670327578931;2017-02-09 19:58:47.579543;1486670327579543;-1;-1;-1;-1;-1;-1
2017-02-09 19:58:47.677943;1486670327677943;2017-02-09 19:58:47.686285;1486670327686285;-1;-1;-1;-1;-1;-1
2017-02-09 19:58:47.779272;1486670327779272;2017-02-09 19:58:47.787534;1486670327787534;-1;-1;-1;-1;-1;-1
2017-02-09 19:58:47.878504;1486670327878504;2017-02-09 19:58:47.879391;1486670327879391;-1;-1;-1;-1;-1;-1
2017-02-09 19:58:47.977201;1486670327977201;2017-02-09 19:58:47.978494;1486670327978494;-1;-1;-1;-1;-1;-1
2017-02-09 19:58:48.77510;1486670328077510;2017-02-09 19:58:48.86043;1486670328086043;-1;-1;-1;-1;-1;-1
2017-02-09 19:58:48.179875;1486670328179875;2017-02-09 19:58:48.181193;1486670328181193;-1;-1;-1;-1;-1;-1
2017-02-09 19:58:48.277704;1486670328277704;2017-02-09 19:58:48.282541;1486670328282541;-1;-1;-1;-1;-1;-1
2017-02-09 19:58:48.379869;1486670328379869;2017-02-09 19:58:48.380924;1486670328380924;-1;-1;-1;-1;-1;-1
2017-02-09 19:58:48.489534;1486670328489534;2017-02-09 19:58:48.497907;1486670328497907;-1;-1;-1;-1;-1;-1
2017-02-09 19:58:48.583120;1486670328583120;2017-02-09 19:58:48.586002;1486670328586002;-1;-1;-1;-1;-1;-1
2017-02-09 19:58:48.680072;1486670328680072;2017-02-09 19:58:48.681534;1486670328681534;-1;-1;-1;-1;-1;-1
2017-02-09 19:58:48.780175;1486670328780175;2017-02-09 19:58:48.784634;1486670328784634;-1;-1;-1;-1;-1;-1
2017-02-09 19:58:48.880980;1486670328880980;2017-02-09 19:58:48.882323;1486670328882323;-1;-1;-1;-1;-1;-1
2017-02-09 19:58:48.979218;1486670328979218;2017-02-09 19:58:48.982635;1486670328982635;-1;-1;-1;-1;-1;-1
2017-02-09 19:58:49.78656;1486670329078656;2017-02-09 19:58:49.88928;1486670329088928;-1;-1;-1;-1;-1;-1
2017-02-09 19:58:49.177737;1486670329177737;2017-02-09 19:58:49.178509;1486670329178509;-1;-1;-1;-1;-1;-1
2017-02-09 19:58:49.277165;1486670329277165;2017-02-09 19:58:49.277565;1486670329277565;-1;-1;-1;-1;-1;-1
2017-02-09 19:58:49.385311;1486670329385311;2017-02-09 19:58:49.385789;1486670329385789;-1;-1;-1;-1;-1;-1
2017-02-09 19:58:49.478126;1486670329478126;2017-02-09 19:58:49.478800;1486670329478800;-1;-1;-1;-1;-1;-1
2017-02-09 19:58:49.579206;1486670329579206;2017-02-09 19:58:49.580228;1486670329580228;-1;-1;-1;-1;-1;-1
2017-02-09 19:58:49.680228;1486670329680228;2017-02-09 19:58:49.681029;1486670329681029;-1;-1;-1;-1;-1;-1
2017-02-09 19:58:49.778758;1486670329778758;2017-02-09 19:58:49.779382;1486670329779382;-1;-1;-1;-1;-1;-1
2017-02-09 19:58:49.885081;1486670329885081;2017-02-09 19:58:49.887300;1486670329887300;-1;-1;-1;-1;-1;-1
2017-02-09 19:58:49.979000;1486670329979000;2017-02-09 19:58:49.980160;1486670329980160;-1;-1;-1;-1;-1;-1
2017-02-09 19:58:50.78089;1486670330078089;2017-02-09 19:58:50.94560;1486670330094560;-1;-1;-1;-1;-1;-1
2017-02-09 19:58:50.178044;1486670330178044;2017-02-09 19:58:50.179068;1486670330179068;-1;-1;-1;-1;-1;-1
2017-02-09 19:58:50.280986;1486670330280986;2017-02-09 19:58:50.282069;1486670330282069;-1;-1;-1;-1;-1;-1
2017-02-09 19:58:50.383108;1486670330383108;2017-02-09 19:58:50.383838;1486670330383838;-1;-1;-1;-1;-1;-1
2017-02-09 19:58:50.478312;1486670330478312;2017-02-09 19:58:50.479090;1486670330479090;-1;-1;-1;-1;-1;-1
2017-02-09 19:58:50.579865;1486670330579865;2017-02-09 19:58:50.580926;1486670330580926;-1;-1;-1;-1;-1;-1
2017-02-09 19:58:50.678807;1486670330678807;2017-02-09 19:58:50.680096;1486670330680096;-1;-1;-1;-1;-1;-1
2017-02-09 19:58:50.783060;1486670330783060;2017-02-09 19:58:50.784114;1486670330784114;-1;-1;-1;-1;-1;-1
2017-02-09 19:58:50.879096;1486670330879096;2017-02-09 19:58:50.880310;1486670330880310;-1;-1;-1;-1;-1;-1
2017-02-09 19:58:50.979633;1486670330979633;2017-02-09 19:58:50.982173;1486670330982173;-1;-1;-1;-1;-1;-1
2017-02-09 19:58:51.84439;1486670331084439;2017-02-09 19:58:51.85572;1486670331085572;-1;-1;-1;-1;-1;-1
2017-02-09 19:58:51.183026;1486670331183026;2017-02-09 19:58:51.193744;1486670331193744;-1;-1;-1;-1;-1;-1
2017-02-09 19:58:51.279076;1486670331279076;2017-02-09 19:58:51.280177;1486670331280177;-1;-1;-1;-1;-1;-1
2017-02-09 19:58:51.385136;1486670331385136;2017-02-09 19:58:51.395005;1486670331395005;-1;-1;-1;-1;-1;-1
2017-02-09 19:58:51.485842;1486670331485842;2017-02-09 19:58:51.486921;1486670331486921;-1;-1;-1;-1;-1;-1
2017-02-09 19:58:51.579739;1486670331579739;2017-02-09 19:58:51.583426;1486670331583426;-1;-1;-1;-1;-1;-1
2017-02-09 19:58:51.678623;1486670331678623;2017-02-09 19:58:51.687391;1486670331687391;-1;-1;-1;-1;-1;-1
2017-02-09 19:58:51.781289;1486670331781289;2017-02-09 19:58:51.783516;1486670331783516;-1;-1;-1;-1;-1;-1
2017-02-09 19:58:51.878612;1486670331878612;2017-02-09 19:58:51.880065;1486670331880065;-1;-1;-1;-1;-1;-1
2017-02-09 19:58:51.980540;1486670331980540;2017-02-09 19:58:51.982561;1486670331982561;-1;-1;-1;-1;-1;-1
2017-02-09 19:58:52.78420;1486670332078420;2017-02-09 19:58:52.79673;1486670332079673;-1;-1;-1;-1;-1;-1
2017-02-09 19:58:52.182782;1486670332182782;2017-02-09 19:58:52.183836;1486670332183836;-1;-1;-1;-1;-1;-1
2017-02-09 19:58:52.281688;1486670332281688;2017-02-09 19:58:52.287493;1486670332287493;-1;-1;-1;-1;-1;-1
2017-02-09 19:58:52.383610;1486670332383610;2017-02-09 19:58:52.393296;1486670332393296;-1;-1;-1;-1;-1;-1
2017-02-09 19:58:52.480929;1486670332480929;2017-02-09 19:58:52.482643;1486670332482643;-1;-1;-1;-1;-1;-1
2017-02-09 19:58:52.583066;1486670332583066;2017-02-09 19:58:52.583991;1486670332583991;-1;-1;-1;-1;-1;-1
2017-02-09 19:58:52.682396;1486670332682396;2017-02-09 19:58:52.684023;1486670332684023;-1;-1;-1;-1;-1;-1
2017-02-09 19:58:52.782337;1486670332782337;2017-02-09 19:58:52.783327;1486670332783327;-1;-1;-1;-1;-1;-1
2017-02-09 19:58:52.878835;1486670332878835;2017-02-09 19:58:52.880295;1486670332880295;-1;-1;-1;-1;-1;-1
2017-02-09 19:58:52.977826;1486670332977826;2017-02-09 19:58:52.982462;1486670332982462;-1;-1;-1;-1;-1;-1
2017-02-09 19:58:53.78544;1486670333078544;2017-02-09 19:58:53.79725;1486670333079725;-1;-1;-1;-1;-1;-1
2017-02-09 19:58:53.177442;1486670333177442;2017-02-09 19:58:53.178203;1486670333178203;-1;-1;-1;-1;-1;-1
2017-02-09 19:58:53.279960;1486670333279960;2017-02-09 19:58:53.280745;1486670333280745;-1;-1;-1;-1;-1;-1
2017-02-09 19:58:53.384033;1486670333384033;2017-02-09 19:58:53.385838;1486670333385838;-1;-1;-1;-1;-1;-1
